{
  "zone_columns": [
    "ME",
    "NH",
    "VT",
    "CT",
    "RI",
    "SEMA",
    "WCMA",
    "NEMA_BOST"
  ],
  "weather_mean": [
    280.79766845703125,
    74.23602294921875,
    7.457563877105713,
    1.0785017013549805,
    0.2751655578613281,
    0.1172502264380455,
    154.30337524414062
  ],
  "weather_std": [
    9.971668243408203,
    16.732885360717773,
    4.437689781188965,
    3.62746000289917,
    3.591029644012451,
    0.6158772706985474,
    248.0415802001953
  ],
  "energy_mean": [
    1300.04638671875,
    1286.958984375,
    567.6122436523438,
    3146.720947265625,
    878.0654296875,
    1570.0147705078125,
    1800.098388671875,
    2648.24951171875
  ],
  "energy_std": [
    211.6763153076172,
    254.84677124023438,
    119.57386779785156,
    707.622802734375,
    198.9573974609375,
    373.36376953125,
    338.4554748535156,
    520.8442993164062
  ],
  "crop_box": {
    "y0": 105,
    "y1": 386,
    "x0": 180,
    "x1": 374
  },
  "downsample_hw": [
    96,
    96
  ]
}